sr. no.,username,user id,access_hash,name,group,status
1,A5101520,1703765858,-7394477188837857870,TheHackingZone,COIN GROWTH,COIN GROWTH
2,KateKnivetonn,6065775879,-404510104823122926,TheHackingZone,COIN GROWTH,COIN GROWTH
3,DhaneswarMahali,5744213531,3333614486783686171,TheHackingZone,COIN GROWTH,COIN GROWTH
4,CEO_CRYPTON,5096372995,-5701451156153449214,TheHackingZone,COIN GROWTH,COIN GROWTH
5,irenecarroen,5664935688,-5452442720118942689,TheHackingZone,COIN GROWTH,COIN GROWTH
6,Ilyshok_petushok,6263356198,-3452920098092191976,TheHackingZone,COIN GROWTH,COIN GROWTH
7,BIKAmill,5417990445,5901244405764121902,TheHackingZone,COIN GROWTH,COIN GROWTH
8,Caitlindean,5290676889,-2560481810258727784,TheHackingZone,COIN GROWTH,COIN GROWTH
9,Hardevt,2109496181,-1194972817075083716,TheHackingZone,COIN GROWTH,COIN GROWTH
10,cryptocoingrowthh,1395810262,6366437756464289718,TheHackingZone,COIN GROWTH,COIN GROWTH
11,Singh2242,1832355658,4379500600318827361,TheHackingZone,COIN GROWTH,COIN GROWTH
12,atekdigital,1032409841,9216831386857758826,TheHackingZone,COIN GROWTH,COIN GROWTH
13,Arnaudstoffel,5599027024,-5781636455641140988,TheHackingZone,COIN GROWTH,COIN GROWTH
14,Dinewj,1323431190,7495445972521553134,TheHackingZone,COIN GROWTH,COIN GROWTH
15,Anujsinghu,5969426017,-4951030602057588692,TheHackingZone,COIN GROWTH,COIN GROWTH
16,Balaji_Jegadesan,5602376353,921504107435065137,TheHackingZone,COIN GROWTH,COIN GROWTH
17,Kumundasuresh,5801878424,-6758038488284720189,TheHackingZone,COIN GROWTH,COIN GROWTH
18,Ricbya,6205840415,-6143969050829334711,TheHackingZone,COIN GROWTH,COIN GROWTH
19,Eleanorwitte,1775506511,8573678008780776164,TheHackingZone,COIN GROWTH,COIN GROWTH
20,Smitshah1,5511051100,6196805811064384503,TheHackingZone,COIN GROWTH,COIN GROWTH
21,Roach_Martins19,1521719604,-2701158488282883533,TheHackingZone,COIN GROWTH,COIN GROWTH
22,Maheshacukk,5232038310,1750038533409740714,TheHackingZone,COIN GROWTH,COIN GROWTH
23,Coingrowthlld,5266685146,-7525591017832103032,TheHackingZone,COIN GROWTH,COIN GROWTH
24,JoshuaMcKinley,5661416378,-4962703016345314131,TheHackingZone,COIN GROWTH,COIN GROWTH
25,Dariursz,1026227719,7416087732854659509,TheHackingZone,COIN GROWTH,COIN GROWTH
26,Siddu_43,5889598756,-5878553617474758143,TheHackingZone,COIN GROWTH,COIN GROWTH
27,J1001a9,6268192079,-4818212847790365988,TheHackingZone,COIN GROWTH,COIN GROWTH
28,P_bulo,5477341087,4177646119969235864,TheHackingZone,COIN GROWTH,COIN GROWTH
29,Marcoo787,5882394141,5339735978831920878,TheHackingZone,COIN GROWTH,COIN GROWTH
30,Sunil2340,5803155210,-7008477782296328053,TheHackingZone,COIN GROWTH,COIN GROWTH
31,Harmantch11,5702847068,1411228627559449231,TheHackingZone,COIN GROWTH,COIN GROWTH
32,egld_master,5263786583,-3120495494542961686,TheHackingZone,COIN GROWTH,COIN GROWTH
33,Shivajn,5854234977,2956052467165425549,TheHackingZone,COIN GROWTH,COIN GROWTH
34,Khushigupta_07,2063215984,1907478177624253116,TheHackingZone,COIN GROWTH,COIN GROWTH
35,Mustafa_ahmdd,5121584473,549858023588308437,TheHackingZone,COIN GROWTH,COIN GROWTH
36,kumarryr,5128570648,309683338271016289,TheHackingZone,COIN GROWTH,COIN GROWTH
37,Douglas4909,5205958284,-1681135547793220088,TheHackingZone,COIN GROWTH,COIN GROWTH
38,Jaiswar_Subhash,6025055551,8692351592000349606,TheHackingZone,COIN GROWTH,COIN GROWTH
39,Aaaaasassasd,2047128784,6773005949339081752,TheHackingZone,COIN GROWTH,COIN GROWTH
40,yogeshSaini9,1950026718,4474053888850149430,TheHackingZone,COIN GROWTH,COIN GROWTH
41,Roshan25f2m5,5701780873,-7116781870017244943,TheHackingZone,COIN GROWTH,COIN GROWTH
42,Ademisrul,6394998285,2567060034475279133,TheHackingZone,COIN GROWTH,COIN GROWTH
43,Miracle15436821_m5i8,5525791499,-4852290141318389255,TheHackingZone,COIN GROWTH,COIN GROWTH
44,Sandeepkur,6274797261,-2623194749613070296,TheHackingZone,COIN GROWTH,COIN GROWTH
45,MehuLkumaRpanchaL,6042156917,7969359483459578665,TheHackingZone,COIN GROWTH,COIN GROWTH
46,Manmohan_Singhy,5504966172,5458790910891519453,TheHackingZone,COIN GROWTH,COIN GROWTH
47,Jimmy_aumond,5124209752,-9180318420385621278,TheHackingZone,COIN GROWTH,COIN GROWTH
48,Debarasee,2008288274,-6438051514969025225,TheHackingZone,COIN GROWTH,COIN GROWTH
49,TitianaGrinkevich,1188031568,-169350188996871985,TheHackingZone,COIN GROWTH,COIN GROWTH
50,Sourabahmad,5811248448,7195840297241021871,TheHackingZone,COIN GROWTH,COIN GROWTH
51,pra8912,5695032830,1710607686466442983,TheHackingZone,COIN GROWTH,COIN GROWTH
52,Gajah87,5730633329,6639337383950323989,TheHackingZone,COIN GROWTH,COIN GROWTH
53,Jasvinderkhullung,5731811894,5132577471150421631,TheHackingZone,COIN GROWTH,COIN GROWTH
54,Qasir8,1076477203,-7412339432177349047,TheHackingZone,COIN GROWTH,COIN GROWTH
55,Nivashraty,5617339214,2396383582075237208,TheHackingZone,COIN GROWTH,COIN GROWTH
56,Mukeshsoni11,5948109111,-3123768176866340918,TheHackingZone,COIN GROWTH,COIN GROWTH
57,Bahafuer,5916047598,-8233876415940910062,TheHackingZone,COIN GROWTH,COIN GROWTH
58,karanmehrau,6191357988,8625621675870930676,TheHackingZone,COIN GROWTH,COIN GROWTH
59,Aristahk,6377314334,9161232318474472751,TheHackingZone,COIN GROWTH,COIN GROWTH
60,SanjeevSharma12,5097854676,-1334261737205698905,TheHackingZone,COIN GROWTH,COIN GROWTH
61,PatrickLongg,1633518001,8975095522879727099,TheHackingZone,COIN GROWTH,COIN GROWTH
62,Azhramkhah,1215833273,-1168551036576576290,TheHackingZone,COIN GROWTH,COIN GROWTH
63,Vincent_rch,1917626768,-6170888514974671162,TheHackingZone,COIN GROWTH,COIN GROWTH
64,Aniawc,1259564800,-5261834550230838200,TheHackingZone,COIN GROWTH,COIN GROWTH
65,Asheshe0,5684341277,-702841406405036028,TheHackingZone,COIN GROWTH,COIN GROWTH
66,Vdsesssty,5926467139,3388340968353490408,TheHackingZone,COIN GROWTH,COIN GROWTH
67,Ahgsvshb,5114899128,2836504673194645709,TheHackingZone,COIN GROWTH,COIN GROWTH
68,Nebojsa_Miljevic,5401773272,-3294665663019915109,TheHackingZone,COIN GROWTH,COIN GROWTH
69,Gavinnewman,5544362847,-915763171456258684,TheHackingZone,COIN GROWTH,COIN GROWTH
70,Roseblake12,2132128555,3948730070014609816,TheHackingZone,COIN GROWTH,COIN GROWTH
